{"feed":{"author":{"name":{"label":"iTunes Store"}, "uri":{"label":"http://www.apple.com/itunes/"}}, "entry":[
{"im:name":{"label":"Clash of Clans"}, "im:image":[
{"label":"http://a280.phobos.apple.com/us/r30/Purple4/v4/6b/e0/e8/6be0e8fc-bf33-73e7-f931-4f7d6db04e37/mzl.monhmadj.53x53-50.png", "attributes":{"height":"53"}}, 
{"label":"http://a796.phobos.apple.com/us/r30/Purple4/v4/6b/e0/e8/6be0e8fc-bf33-73e7-f931-4f7d6db04e37/mzl.monhmadj.75x75-65.png", "attributes":{"height":"75"}}, 
{"label":"http://a1097.phobos.apple.com/us/r30/Purple4/v4/6b/e0/e8/6be0e8fc-bf33-73e7-f931-4f7d6db04e37/mzl.monhmadj.100x100-75.png", "attributes":{"height":"100"}}], "summary":{"label":"Introducing: Clan Wars! Crush enemy clans in clan versus clan battles. Lead your clan to victory! Clash of Clans is an epic combat strategy game. Build your village, train your troops and battle with millions of other players online!\n\nPLEASE NOTE! Clash of Clans is completely free to play, however some game items can also be purchased for real money. If you don't want to use this feature, please disable in-app purchases in your device's settings. Also, under our Terms of Service and Privacy Policy, you must be at least 13 years of age to play or download Clash of Clans.\n\nOver 1.5 Million 5 Star Reviews\n\n5/5  “This game is phenomenal”\n\n5/5  “If you were looking for a game to play that's fun and strategic this is better than any other game out there”\n\nClash of Clans is an addictive mixture of strategic planning and competitive fast-paced combats. Raise an army of Barbarians, War Wizards, Dragons and other mighty fighters. Join a clan of players and rise through the ranks, or create your own Clan to contest ownership of the Realm. Driving back the goblins is just the first step - your quest isn't over until your clan reigns supreme over all others!\n\n= FEATURES =\n- FREE TO PLAY\n- Build your village into a undefeatable fortress\n- Battle with players worldwide and take their Victory Points\n- Join together with other players to form the ultimate Clan\n- Fight against rival Clans in the epic Clan Wars\n- 15 unique units with multiple levels of upgrades\n- Defend your village with Cannons, Towers, Mortars, Bombs, Traps and Walls\n- Fight against the Goblin King in an epic campaign through the realm\n\nHaving any problems?  Any suggestions?  We would love to hear from you!  You can reach us at support at clashofclans.feedback@supercell.net \n\nNote: A network connection is required to play\n\nPrivacy Policy:\nhttp://www.supercell.net/privacy-policy/\n\nTerms of Service:\nhttp://www.supercell.net/terms-of-service/"}, "im:price":{"label":"Free", "attributes":{"amount":"0.00000", "currency":"USD"}}, "im:contentType":{"attributes":{"term":"Application", "label":"Application"}}, "rights":{"label":"© 2012 Supercell"}, "title":{"label":"Clash of Clans - Supercell"}, "link":{"attributes":{"rel":"alternate", "type":"text/html", "href":"https://itunes.apple.com/us/app/clash-of-clans/id529479190?mt=8&uo=2"}}, "id":{"label":"https://itunes.apple.com/us/app/clash-of-clans/id529479190?mt=8&uo=2", "attributes":{"im:id":"529479190", "im:bundleId":"com.supercell.magic"}}, "im:artist":{"label":"Supercell", "attributes":{"href":"https://itunes.apple.com/us/artist/supercell/id488106216?mt=8&uo=2"}}, "category":{"attributes":{"im:id":"6014", "term":"Games", "scheme":"https://itunes.apple.com/us/genre/ios-games/id6014?mt=8&uo=2", "label":"Games"}}, "im:releaseDate":{"label":"2012-08-02T01:24:58-07:00", "attributes":{"label":"August 2, 2012"}}}, 
{"im:name":{"label":"Candy Crush Saga"}, "im:image":[
{"label":"http://a1138.phobos.apple.com/us/r30/Purple4/v4/59/34/c7/5934c707-3503-2ea3-4ab3-700e3b5d0cf0/mzl.evlehxxb.53x53-50.png", "attributes":{"height":"53"}}, 
{"label":"http://a6.phobos.apple.com/us/r30/Purple4/v4/59/34/c7/5934c707-3503-2ea3-4ab3-700e3b5d0cf0/mzl.evlehxxb.75x75-65.png", "attributes":{"height":"75"}}, 
{"label":"http://a291.phobos.apple.com/us/r30/Purple4/v4/59/34/c7/5934c707-3503-2ea3-4ab3-700e3b5d0cf0/mzl.evlehxxb.100x100-75.png", "attributes":{"height":"100"}}], "summary":{"label":"Candy Crush Saga, from the makers of Pet Rescue Saga & Farm Heroes Saga!\n\nThe sweetest game ever!\n\nJoin Tiffi and Mr. Toffee in their sweet adventure through the Candy Kingdom. Pass level 50 to unlock Dreamworld and escape reality alongside an owl named Odus. Switch and match your way through hundreds of levels in this delicious puzzle adventure. Isn’t it the sweetest game ever? \n\nTake on this deliciously sweet Saga alone or play with friends to see who can get the highest score! \n\nCandy Crush Saga is completely free to play but some in-game items such as extra moves or lives will require payment.\n\nYou can turn off the payment feature by disabling in-app purchases in your device’s settings.\n\nCandy Crush Saga features:\n\n● Tasty candy graphics that will leave you hungry for more\n\n● Unwrap delicious environments and meet the sweetest characters\n\n● Helpful magical boosters to help with challenging levels \n\n● Complete adventurous levels and unlock treats\n\n● Easy and fun to play, challenging to master \n\n● Hundreds of sweet levels in the Candy Kingdom - more added every 2 weeks!\n\n● Leaderboards to watch your friends and competitors!\n\n● Easily sync the game between devices and unlock full game features when connected to the Internet\n\nAlready a fan of Candy Crush Saga? Like us on Facebook or follow us on Twitter for the latest news:\n\nfacebook.com/CandyCrushSaga\n\ntwitter.com/CandyCrushSaga\n\nLast but not least, a big THANK YOU goes out to everyone who has played Candy Crush Saga!   \n\n*Minimum iOS version recommended: 4.3.5* "}, "im:price":{"label":"Free", "attributes":{"amount":"0.00000", "currency":"USD"}}, "im:contentType":{"attributes":{"term":"Application", "label":"Application"}}, "rights":{"label":"© King.com Limited 2011-13. All rights reserved."}, "title":{"label":"Candy Crush Saga - King.com Limited"}, "link":{"attributes":{"rel":"alternate", "type":"text/html", "href":"https://itunes.apple.com/us/app/candy-crush-saga/id553834731?mt=8&uo=2"}}, "id":{"label":"https://itunes.apple.com/us/app/candy-crush-saga/id553834731?mt=8&uo=2", "attributes":{"im:id":"553834731", "im:bundleId":"com.midasplayer.apps.candycrushsaga"}}, "im:artist":{"label":"King.com Limited", "attributes":{"href":"https://itunes.apple.com/us/artist/king.com-limited/id526656015?mt=8&uo=2"}}, "category":{"attributes":{"im:id":"6014", "term":"Games", "scheme":"https://itunes.apple.com/us/genre/ios-games/id6014?mt=8&uo=2", "label":"Games"}}, "im:releaseDate":{"label":"2012-11-14T06:41:32-07:00", "attributes":{"label":"November 14, 2012"}}}, 
{"im:name":{"label":"Game of War - Fire Age"}, "im:image":[
{"label":"http://a1593.phobos.apple.com/us/r30/Purple4/v4/20/47/fa/2047faa2-7c8e-c546-c2e0-97ff60ab20f8/mzl.nglzmfvp.53x53-50.png", "attributes":{"height":"53"}}, 
{"label":"http://a109.phobos.apple.com/us/r30/Purple4/v4/20/47/fa/2047faa2-7c8e-c546-c2e0-97ff60ab20f8/mzl.nglzmfvp.75x75-65.png", "attributes":{"height":"75"}}, 
{"label":"http://a746.phobos.apple.com/us/r30/Purple4/v4/20/47/fa/2047faa2-7c8e-c546-c2e0-97ff60ab20f8/mzl.nglzmfvp.100x100-75.png", "attributes":{"height":"100"}}], "summary":{"label":"“I found Game of War – Fire Age more engaging than its closest analogue Clash of Clans” - NY Times review\n\nJoin the ULTIMATE Battle for Domination of the Kingdom! PLAY FOR FREE in the most addicting & interactive Action Strategy MMO GAME!! \n\nJoin millions of Online Players from around the world, BE PART OF ALLIANCE & Make FRIENDS. HELP, TRADE & CO-OP With ALLIANCE MEMBERS & Become the KING!! \n\nBuild & Customize your Empire. Train & Level-up your HERO!! \n\nRESEARCH to make your EMPIRE more POWERFUL! \n\nCraft Weapons & embed them with powerful Gems to Equip your Hero with Legendary Powerful Weapons!! \n\nTRAIN vast armies to lead into BATTLE, watch the fighting in REAL-TIME on the stunning World Map as you conquer the KINGDOM!! \n\nForge diplomatic alliances to Conquer enemies & become the most POWERFUL Alliance in the Kingdom! \n\nATTACK & Conquer the WONDER to be the KING!! Get power to give TITLES to your Friends & Enemies in the Kingdom!! \n\nPlay & Chat with Millions of Players all over the World in over 32 Different Languages, all in Real-Time!!\n\nTALK & STRATEGIZE with your ALLIANCE & FRIENDS in CHAT – Alliance Chat, 1-on-1 Chat, or Chat with the Entire World. Team Up & Join Forces with Friends or Smack-Talk & Burn your Enemies!! \n\nUPGRADE buildings, walls & weapons to Strengthen your EMPIRE!!"}, "im:price":{"label":"Free", "attributes":{"amount":"0.00000", "currency":"USD"}}, "im:contentType":{"attributes":{"term":"Application", "label":"Application"}}, "rights":{"label":"© Machine Zone Inc."}, "title":{"label":"Game of War - Fire Age - Machine Zone, Inc"}, "link":{"attributes":{"rel":"alternate", "type":"text/html", "href":"https://itunes.apple.com/us/app/game-of-war-fire-age/id667728512?mt=8&uo=2"}}, "id":{"label":"https://itunes.apple.com/us/app/game-of-war-fire-age/id667728512?mt=8&uo=2", "attributes":{"im:id":"667728512", "im:bundleId":"com.machinezone.ody0"}}, "im:artist":{"label":"Machine Zone, Inc", "attributes":{"href":"https://itunes.apple.com/us/artist/machine-zone-inc/id299968102?mt=8&uo=2"}}, "category":{"attributes":{"im:id":"6014", "term":"Games", "scheme":"https://itunes.apple.com/us/genre/ios-games/id6014?mt=8&uo=2", "label":"Games"}}, "im:releaseDate":{"label":"2013-07-25T00:00:00-07:00", "attributes":{"label":"July 25, 2013"}}}, 
{"im:name":{"label":"Big Fish Casino – Free Slots, Vegas Slots & Slot Tournaments! Plus Poker, Cards, 21 and more!"}, "im:image":[
{"label":"http://a826.phobos.apple.com/us/r30/Purple4/v4/aa/7c/11/aa7c11a5-da6f-58c0-38bc-4d393256477a/mzl.sssnllib.53x53-50.png", "attributes":{"height":"53"}}, 
{"label":"http://a1342.phobos.apple.com/us/r30/Purple4/v4/aa/7c/11/aa7c11a5-da6f-58c0-38bc-4d393256477a/mzl.sssnllib.75x75-65.png", "attributes":{"height":"75"}}, 
{"label":"http://a187.phobos.apple.com/us/r30/Purple4/v4/aa/7c/11/aa7c11a5-da6f-58c0-38bc-4d393256477a/mzl.sssnllib.100x100-75.png", "attributes":{"height":"100"}}], "summary":{"label":"Download now! New players get 100,000 FREE BONUS CHIPS in the #1 FREE to play Casino app in the world! Over 36,000 5-star reviews!\n\nBig Fish Casino gives you the chance to WIN BIG in Slots, Blackjack, Texas Hold'em Poker, Craps, Roulette, and more! Play live with your friends, with all the thrill of Las Vegas! Sit down, relax, have a drink & some chips – on us. We've got gorgeous games and millions of friendly people to play with for FREE!\n\nMake a fortune with HUGE Jackpots, Free Daily Games, Slots Bonus Games, and more! Will you play it safe and hold your cards, or double down and get a lucky ace? Over 3 BILLION chips in Jackpots given out each day!\n\nHave an adventure like no other in our original Slot Machines! Enter the secret laboratory in Mad Mouse - everyone wins free chips when electricity strikes! Operate the Candy Crane to grab sweet surprises! Fortune awaits those brave enough to enter the Enchanted Cavern…\n\nTOP FEATURES: \n• Exciting slot machines with FREE SPINS and Bonus Games you won't find anywhere else!\n• Everybody wins together in our unique Social Scatter™ Slots Games!\n• Win up to 1 MILLION chips in our Reward Center games!\n• Daily FREE game and bonuses could win you up to 65k FREE Chips just for logging in!\n• Play LIVE with your friends! Beat the house in Blackjack or test your skills in Poker! \n• Customize and strut your stuff with free pets, gifts, and power ups! \n\n--------------------- \n\nQuestions? Suggestions? Contact us at www.bigfishcasinosupport.com!"}, "im:price":{"label":"Free", "attributes":{"amount":"0.00000", "currency":"USD"}}, "im:contentType":{"attributes":{"term":"Application", "label":"Application"}}, "rights":{"label":"© Big Fish Games, Inc."}, "title":{"label":"Big Fish Casino – Free Slots, Vegas Slots & Slot Tournaments! Plus Poker, Cards, 21 and more! - Big Fish Games, Inc"}, "link":{"attributes":{"rel":"alternate", "type":"text/html", "href":"https://itunes.apple.com/us/app/big-fish-casino-free-slots/id538212549?mt=8&uo=2"}}, "id":{"label":"https://itunes.apple.com/us/app/big-fish-casino-free-slots/id538212549?mt=8&uo=2", "attributes":{"im:id":"538212549", "im:bundleId":"com.bigfishgames.bfcasinouniversalfreemium"}}, "im:artist":{"label":"Big Fish Games, Inc", "attributes":{"href":"https://itunes.apple.com/us/artist/big-fish-games-inc/id292594310?mt=8&uo=2"}}, "category":{"attributes":{"im:id":"6014", "term":"Games", "scheme":"https://itunes.apple.com/us/genre/ios-games/id6014?mt=8&uo=2", "label":"Games"}}, "im:releaseDate":{"label":"2012-08-15T18:34:42-07:00", "attributes":{"label":"August 15, 2012"}}}, 
{"im:name":{"label":"Hay Day"}, "im:image":[
{"label":"http://a1596.phobos.apple.com/us/r30/Purple6/v4/bc/13/cd/bc13cdcb-7d95-0c31-9b6c-eb9db8219cf9/mzl.qxfhqanx.53x53-50.png", "attributes":{"height":"53"}}, 
{"label":"http://a464.phobos.apple.com/us/r30/Purple6/v4/bc/13/cd/bc13cdcb-7d95-0c31-9b6c-eb9db8219cf9/mzl.qxfhqanx.75x75-65.png", "attributes":{"height":"75"}}, 
{"label":"http://a813.phobos.apple.com/us/r30/Purple6/v4/bc/13/cd/bc13cdcb-7d95-0c31-9b6c-eb9db8219cf9/mzl.qxfhqanx.100x100-75.png", "attributes":{"height":"100"}}], "summary":{"label":"It’s a real special place. It never rains—but the crops don't die. Food grows free, neighbors smile, and the animals are happy to see you.\nHAY DAY—IT’S 100% FREE-RANGE FUN!\n\nHay Day is free to download and play. Some in-game items are available for you to purchase with real-world money, however doing so is optional and not required for a GREAT GAMING EXPERIENCE. You can avoid using real-world money by disabling in-app purchases through your device’s settings. Note that under our Terms of Service and Privacy Policy, you must be at least 13 years of age to play or download Hay Day.\n\nHAY DAY is a farming utopia. You’ll meet quirky characters—on two legs and four—as you: \n* Grow and customize your farm \n* Trade crops and farm-fresh goods with neighbors and friends \n* Fulfill orders by truck, steamboat and farm stand \n* Build your own town and welcome visitors \n* Experience the endless possibilities of living off the land  \n\nSmooth and simple controls make playing easy, intuitive and enjoyable on your iPad or iPhone. \n\nNo wonder Hay Day is among the top iPad games in 89 countries—it’s universally loveable. \n\n-----------------------------  \nGRADE A GAMING   \n-----------------------------\nHere’s what the media says about Hay Day:\n\n“This game is a gem and a steal for being available in the App Store for free. If you’re a fan of simulation games, Hay Day is visually pleasing and will definitely keep your inner agriculturalist giddy for hours.”  \n— Gamezebo\n\n“Small details lead players deeper into the game, such as the charming aesthetics … like sheep that overflow with wool when it’s time to sheer them or pigs that become so fat they cannot walk.”\n— Forbes\n\nAnd players are simply crowing about the fun they’re having with Hay Day: \n\n5/5 Great game. Love the options!!  Got this game for my iPad and it out does any other farm game I have played. Wonderful design and thought process. \n\n5/5 This game is amazing  I love this game! Better than any other farm game by far! \n\n5/5 Little patch of Heaven  Love love love this game!!!!!!!!! Love the little characters that stop by and love the critters. Especially love the birds and butterflies. All in all it's my little patch of heaven. \n\n5/5 Best Game Ever!  The game is great I play it all the time. It's a fun social game and a good family game too.\n\n5/5 LOVE IT LOVE IT LOVE IT!!!!!!!  This game is absolutely awesome…. The animals are crazy adorable and very quirky.\n\n---------------------------------------  \nGO AHEAD. HAVE A COW.   \n---------------------------------------\n• Plant and harvest crops with a swipe and — It’s always growing season.\n• Decorate your farm to make it your own — Invite friends to like your place.\n• Clear land without breaking a sweat — The axes swing themselves!\n• Tend your livestock and collect their yield — Fat Pig + Sauna = Skinny Pig + Bacon!\n• Combine ingredients into delightful delicacies — Bacon pie anyone?\n• Buy and sell at your Roadside Shop — Trade with friends on Game Center and Facebook.\n• Fulfill orders by truck, steamboat and farm stand — You set the pace for your business boom!\n• Keep expanding — Get the old mine running, open up the fishing hole, and now BUILD YOUR OWN TOWN! \n\n-------------------------------------------------  \nFARMING WITHOUT THE WORK  \n-------------------------------------------------\n• FREE TO DOWNLOAD—FREE TO PLAY!\n• Easy, smooth touch gestures — A quick, two-finger swipe, and the whole field is harvested!\n• Beautiful animations and sounds — Your farm really feels alive!\n• Retina optimized for the new iPad — Farming never looked so fabulous.\n\n-----------------------------  \nGIVE US A YODEL \n-----------------------------\nHaving problems? Any suggestions? We would love to hear from you! You can reach us at http://supr.cl/HayDayForums  or find us on Facebook at http://facebook.com/haydayofficial"}, "im:price":{"label":"Free", "attributes":{"amount":"0.00000", "currency":"USD"}}, "im:contentType":{"attributes":{"term":"Application", "label":"Application"}}, "rights":{"label":"© 2012 Supercell"}, "title":{"label":"Hay Day - Supercell"}, "link":{"attributes":{"rel":"alternate", "type":"text/html", "href":"https://itunes.apple.com/us/app/hay-day/id506627515?mt=8&uo=2"}}, "id":{"label":"https://itunes.apple.com/us/app/hay-day/id506627515?mt=8&uo=2", "attributes":{"im:id":"506627515", "im:bundleId":"com.supercell.soil"}}, "im:artist":{"label":"Supercell", "attributes":{"href":"https://itunes.apple.com/us/artist/supercell/id488106216?mt=8&uo=2"}}, "category":{"attributes":{"im:id":"6014", "term":"Games", "scheme":"https://itunes.apple.com/us/genre/ios-games/id6014?mt=8&uo=2", "label":"Games"}}, "im:releaseDate":{"label":"2012-06-21T01:10:22-07:00", "attributes":{"label":"June 21, 2012"}}}, 
{"im:name":{"label":"Farm Heroes Saga"}, "im:image":[
{"label":"http://a1317.phobos.apple.com/us/r30/Purple4/v4/30/16/fe/3016fe59-14f3-fa31-6b92-6912c2fa7710/mzl.skjaqbnz.53x53-50.png", "attributes":{"height":"53"}}, 
{"label":"http://a185.phobos.apple.com/us/r30/Purple4/v4/30/16/fe/3016fe59-14f3-fa31-6b92-6912c2fa7710/mzl.skjaqbnz.75x75-65.png", "attributes":{"height":"75"}}, 
{"label":"http://a1222.phobos.apple.com/us/r30/Purple4/v4/30/16/fe/3016fe59-14f3-fa31-6b92-6912c2fa7710/mzl.skjaqbnz.100x100-75.png", "attributes":{"height":"100"}}], "summary":{"label":"From the makers of the hit game Candy Crush Saga, comes Farm Heroes Saga!  \n\nSwitch and match the collectable cropsies in this fantastic adventure. \nJoin forces with the Farm Heroes to stop Rancid the Raccoon from spoiling the precious farm lands.  Switch and match three or more adorable cropsies to drive Rancid away for good! A farmtastic adventure filled with mixed fruit madness! Scrummy! \n\nFarm Heroes Saga is completely free to play but some in-game items such as extra moves or lives will require payment. You can turn-off the payment feature by disabling in-app purchases in your device’s settings.\n\nFarm Heroes Saga Features:\n\n● Gather all kinds of cropsies to win the level before you run out of moves.\n● Easy and fun to play, but a challenge to fully master. \n● Acres of luscious levels to complete and marvellous magic beans to collect.\n● Take on your friends to compete for the best score and see who can switch their way to the fattest onions ever! \n● Rechargeable boosters, extra moves and special power-ups to help with those challenging levels. \n\nPlay through hundreds of levels of strawberry switching, carrot crunching chaos to help our Farm Heroes save the day! Have you got what it takes to be the next Farm Hero?\n\nAlready a fan of Farm Heroes Saga?  Like us on Facebook or follow us on Twitter for all the latest farming fun:\n\nhttp://www.facebook.com/FarmHeroes\nhttp://www.twitter.com/farmheroes\n\n*Minimum iOS version is 5.0."}, "im:price":{"label":"Free", "attributes":{"amount":"0.00000", "currency":"USD"}}, "im:contentType":{"attributes":{"term":"Application", "label":"Application"}}, "rights":{"label":"© King.com Limited 2011-13. All rights reserved."}, "title":{"label":"Farm Heroes Saga - King.com Limited"}, "link":{"attributes":{"rel":"alternate", "type":"text/html", "href":"https://itunes.apple.com/us/app/farm-heroes-saga/id608206510?mt=8&uo=2"}}, "id":{"label":"https://itunes.apple.com/us/app/farm-heroes-saga/id608206510?mt=8&uo=2", "attributes":{"im:id":"608206510", "im:bundleId":"com.midasplayer.apps.farmheroessaga"}}, "im:artist":{"label":"King.com Limited", "attributes":{"href":"https://itunes.apple.com/us/artist/king.com-limited/id526656015?mt=8&uo=2"}}, "category":{"attributes":{"im:id":"6014", "term":"Games", "scheme":"https://itunes.apple.com/us/genre/ios-games/id6014?mt=8&uo=2", "label":"Games"}}, "im:releaseDate":{"label":"2014-01-02T06:32:08-07:00", "attributes":{"label":"January 2, 2014"}}}, 
{"im:name":{"label":"Slotomania HD - Free Video Slots Games"}, "im:image":[
{"label":"http://a642.phobos.apple.com/us/r30/Purple4/v4/c3/2b/f5/c32bf5df-1859-2f55-b4c6-929df11caa26/mzl.uyicbsxd.53x53-50.png", "attributes":{"height":"53"}}, 
{"label":"http://a1158.phobos.apple.com/us/r30/Purple4/v4/c3/2b/f5/c32bf5df-1859-2f55-b4c6-929df11caa26/mzl.uyicbsxd.75x75-65.png", "attributes":{"height":"75"}}, 
{"label":"http://a179.phobos.apple.com/us/r30/Purple4/v4/c3/2b/f5/c32bf5df-1859-2f55-b4c6-929df11caa26/mzl.uyicbsxd.100x100-75.png", "attributes":{"height":"100"}}], "summary":{"label":"Play Slotomania, the #1 social video slots game online! With over 55 slot games to choose from and tons of bonus features, you’re guaranteed non-stop excitement.\n\nEnjoyed by millions worldwide; Slotomania is the favorite social slots game online providing unlimited FREE entertainment, top-tier graphics, and high-quality sound effects.\n\nPlayers love Slotomania’s:\n*Unique new games added all the time\n*Frequent special promotions \n*Countless opportunities to win coins from bonus rounds, free spins, gifts, and mini games\n*Free gifts you can send and receive from friends\n*Many ways to quickly unlock games\n*Instant accessibility anywhere, anytime, and from any device\n\nThe best part is Slotomania is EASY to play and easy to win BIG! Play Slotomania now and MEET YOUR LUCK today!\n\nThis product is intended for use by those 21 or older for amusement purposes only.\n\n*** Customized for iPhone 5 and iPad HD\n\n\n\nTerms of service http://playtika.com/terms-of-service.html"}, "im:price":{"label":"Free", "attributes":{"amount":"0.00000", "currency":"USD"}}, "im:contentType":{"attributes":{"term":"Application", "label":"Application"}}, "rights":{"label":"© Playtika LTD"}, "title":{"label":"Slotomania HD - Free Video Slots Games - Playtika LTD"}, "link":{"attributes":{"rel":"alternate", "type":"text/html", "href":"https://itunes.apple.com/us/app/slotomania-hd-free-video-slots/id483165745?mt=8&uo=2"}}, "id":{"label":"https://itunes.apple.com/us/app/slotomania-hd-free-video-slots/id483165745?mt=8&uo=2", "attributes":{"im:id":"483165745", "im:bundleId":"com.playtika.slotomania.ipad"}}, "im:artist":{"label":"Playtika LTD", "attributes":{"href":"https://itunes.apple.com/us/artist/playtika-ltd/id447553567?mt=8&uo=2"}}, "category":{"attributes":{"im:id":"6014", "term":"Games", "scheme":"https://itunes.apple.com/us/genre/ios-games/id6014?mt=8&uo=2", "label":"Games"}}, "im:releaseDate":{"label":"2011-12-12T11:57:06-07:00", "attributes":{"label":"December 12, 2011"}}}, 
{"im:name":{"label":"DoubleDown Casino - FREE Slots, Blackjack, Roulette & Video Poker"}, "im:image":[
{"label":"http://a1513.phobos.apple.com/us/r30/Purple3/v4/03/a6/cf/03a6cf06-850e-1ba3-8a3a-34d8e063f0d4/mzl.nibsfwsq.53x53-50.png", "attributes":{"height":"53"}}, 
{"label":"http://a381.phobos.apple.com/us/r30/Purple3/v4/03/a6/cf/03a6cf06-850e-1ba3-8a3a-34d8e063f0d4/mzl.nibsfwsq.75x75-65.png", "attributes":{"height":"75"}}, 
{"label":"http://a1802.phobos.apple.com/us/r30/Purple3/v4/03/a6/cf/03a6cf06-850e-1ba3-8a3a-34d8e063f0d4/mzl.nibsfwsq.100x100-75.png", "attributes":{"height":"100"}}], "summary":{"label":"Experience the BIG WIN of Las Vegas in the largest FREE to Play Casino! \n\nDoubleDown Casino brings the FULL casino experience everywhere you go. With blackjack, video poker, and authentic slots such as Wolf Run™, DaVinci Diamonds™ and Cleopatra®, you’ll experience Las Vegas anywhere, anytime. \n\nEnjoy exclusive, original DoubleDown games with interactive bonus round and unique mobile only features for even more fun! Daily Spins give you bonus chips 365 days a year!\n\nDouble down and play our newest game, Player’s Suite BLACKJACK. \n\nExperience an even BIGGER thrill in Daily Slot Tournaments. \n\nGet in on the action with GAME KING™ Video Poker - the most popular Video Poker found in all land-based casinos. \n\nWith new games added each week, join the millions of players who are already winning! \n\nKey Features: \n• FREE to Play, Every Day!\n• New games every week!\n• Over 40+ Slot Games, including authentic games from the Casino floor \n• GAME KING™ Video Poker, the #1 Video Poker on the planet\n• Player’s Suite BLACKJACK\n• Daily Slot Tournaments with Progressive Jackpots \n• Login with Facebook, or play the full game as a Guest \n• Invite friends, send FREE Chips, and find something NEW every week"}, "im:price":{"label":"Free", "attributes":{"amount":"0.00000", "currency":"USD"}}, "im:contentType":{"attributes":{"term":"Application", "label":"Application"}}, "rights":{"label":"© 2014 Double Down Interactive, LLC."}, "title":{"label":"DoubleDown Casino - FREE Slots, Blackjack, Roulette & Video Poker - Double Down Interactive"}, "link":{"attributes":{"rel":"alternate", "type":"text/html", "href":"https://itunes.apple.com/us/app/doubledown-casino-free-slots/id485126024?mt=8&uo=2"}}, "id":{"label":"https://itunes.apple.com/us/app/doubledown-casino-free-slots/id485126024?mt=8&uo=2", "attributes":{"im:id":"485126024", "im:bundleId":"com.doubledowninteractive.DDCasino"}}, "im:artist":{"label":"Double Down Interactive", "attributes":{"href":"https://itunes.apple.com/us/artist/double-down-interactive/id485126027?mt=8&uo=2"}}, "category":{"attributes":{"im:id":"6014", "term":"Games", "scheme":"https://itunes.apple.com/us/genre/ios-games/id6014?mt=8&uo=2", "label":"Games"}}, "im:releaseDate":{"label":"2012-03-01T11:32:50-07:00", "attributes":{"label":"March 1, 2012"}}}, 
{"im:name":{"label":"FarmVille 2: Country Escape"}, "im:image":[
{"label":"http://a1036.phobos.apple.com/us/r30/Purple4/v4/7d/26/da/7d26dafd-be7f-d08e-c0c9-c782026f84c2/mzl.ppuynujj.53x53-50.png", "attributes":{"height":"53"}}, 
{"label":"http://a1904.phobos.apple.com/us/r30/Purple4/v4/7d/26/da/7d26dafd-be7f-d08e-c0c9-c782026f84c2/mzl.ppuynujj.75x75-65.png", "attributes":{"height":"75"}}, 
{"label":"http://a301.phobos.apple.com/us/r30/Purple4/v4/7d/26/da/7d26dafd-be7f-d08e-c0c9-c782026f84c2/mzl.ppuynujj.100x100-75.png", "attributes":{"height":"100"}}], "summary":{"label":"A new mobile-optimized FarmVille experience is now available! It’s FarmVille tailored for you and the way you want to play.  Best of all, it’s free!\nFarm at your own pace, whether you have 30 seconds or 30 minutes. Play with friends or on your own in our new Anonymous Mode: Facebook not required. You can also play when not connected to the internet. Join a Farm Co-Op to trade and share, and go on Farm Adventures to collect rare goods. Now, you can finally play FarmVille anytime… anywhere.\n\n** “FarmVille is back and this time, it’s portable” – TIME **\n** \"Officially not just for Facebook anymore\" - Los Angeles Times **\n** \"They may have built the best FarmVille game of the series\" - Kotaku **\n\n• CRAFT a variety of baked gourmet goods like classic country apple pies\n• HARVEST unique coastal crops along with your favorite fruits and vegetables\n• DECORATE to your heart’s content as you customize your farm with your very own house\n• COLLECT hidden and rare treasures as you discover a new coastal farm\n• NURTURE and raise a wide variety of adorable farm animals\n• GARDEN by the beautiful blue ocean as you decorate your farm with flowers\n• EXPLORE a new FarmVille story filled with special farm adventures\n• BUILD a new lush, family farm by the coast so all your friends can visit \n• FISH with your fellow farmers and sell your catch at Pike’s Landing\n• TRADE and chat with friends or play anonymously with people from all over the world\n• ESCAPE to the coast and then connect to your Facebook farm to send free water\n• COMPETE with others as your Co-Op climbs the global rankings\n\n\nThe game is free to play, however in-app purchases are available for additional content and premium currency. In-app purchases range from $0.99 to $99.99.\n\nThis game does permit a user to connect to social networks, such as Facebook, and as such players may come into contact with other people when playing this game.\n\nFor specific information about how Zynga collects and uses personal or other data, please read our privacy policy at http://company.zynga.com/privacy/policy.\n\nYou will be given the opportunity to participate in special offers, events, and programs from Zynga Inc and its partners.\n\nUse of this application is governed by the Zynga Terms of Service. Collection and use of personal data are subject to Zynga’s Privacy Policy. Both policies are available in the Application License Agreement and Privacy Policy sections below, as well as at www.zynga.com. Social Networking Service terms may also apply\n\nhttp://m.zynga.com/legal/terms-of-service"}, "im:price":{"label":"Free", "attributes":{"amount":"0.00000", "currency":"USD"}}, "im:contentType":{"attributes":{"term":"Application", "label":"Application"}}, "rights":{"label":"© Zynga Inc"}, "title":{"label":"FarmVille 2: Country Escape - Zynga Inc."}, "link":{"attributes":{"rel":"alternate", "type":"text/html", "href":"https://itunes.apple.com/us/app/farmville-2-country-escape/id824318267?mt=8&uo=2"}}, "id":{"label":"https://itunes.apple.com/us/app/farmville-2-country-escape/id824318267?mt=8&uo=2", "attributes":{"im:id":"824318267", "im:bundleId":"com.zynga.FarmVille2CountryEscape"}}, "im:artist":{"label":"Zynga Inc.", "attributes":{"href":"https://itunes.apple.com/us/artist/zynga-inc./id295913422?mt=8&uo=2"}}, "category":{"attributes":{"im:id":"6014", "term":"Games", "scheme":"https://itunes.apple.com/us/genre/ios-games/id6014?mt=8&uo=2", "label":"Games"}}, "im:releaseDate":{"label":"2014-04-16T17:07:53-07:00", "attributes":{"label":"April 16, 2014"}}}, 
{"im:name":{"label":"Bubble Witch 2 Saga"}, "im:image":[
{"label":"http://a1390.phobos.apple.com/us/r30/Purple4/v4/7b/96/f9/7b96f9f3-d408-ec01-1d40-3f1dd24cf9cb/mzl.lukmgjgq.53x53-50.png", "attributes":{"height":"53"}}, 
{"label":"http://a1906.phobos.apple.com/us/r30/Purple4/v4/7b/96/f9/7b96f9f3-d408-ec01-1d40-3f1dd24cf9cb/mzl.lukmgjgq.75x75-65.png", "attributes":{"height":"75"}}, 
{"label":"http://a671.phobos.apple.com/us/r30/Purple4/v4/7b/96/f9/7b96f9f3-d408-ec01-1d40-3f1dd24cf9cb/mzl.lukmgjgq.100x100-75.png", "attributes":{"height":"100"}}], "summary":{"label":"From the makers of Candy Crush Saga, Bubble Witch Saga & Farm Heroes Saga comes Bubble Witch 2 Saga!\n\nIt's Bubble Bouncing Magic\n\nStella and her cats need your help to fend off the dark spirits that are plaguing their land. Travel the realm bursting as many bubbles as you can in this exciting adventure. Win levels and free Witch Country piece by piece. \n\nTake on this epic Saga alone or play with friends to see who can get the highest score!\n\nBubble Witch 2 Saga is completely free to play but some in-game items such as extra moves or lives will require payment.\n\nYou can turn-off the payment feature by disabling in-app purchases in your device’s settings.\n\n• The next exciting installment to the Bubble Witch franchise \n• New and improved game modes\n• Enchanting graphics that will leave you spellbound\n• Over 100 magical levels – more added every 2 weeks!\n• Easily sync the game between devices when connected  to the Internet\n• Leaderboards to watch your friends and competitors!\n• Special boosters & bubbles to help you pass those tricky levels\n• Free & easy to play, challenging to master!\n• Available to play on mobile and tablet devices\n\nAlready a fan of Bubble Witch Saga? Like us on Facebook or follow us on Twitter\n\nfacebook.com/BubbleWitchSaga2\ntwitter.com/BubbleWitchSaga "}, "im:price":{"label":"Free", "attributes":{"amount":"0.00000", "currency":"USD"}}, "im:contentType":{"attributes":{"term":"Application", "label":"Application"}}, "rights":{"label":"© King.com Limited 2014. All rights reserved."}, "title":{"label":"Bubble Witch 2 Saga - King.com Limited"}, "link":{"attributes":{"rel":"alternate", "type":"text/html", "href":"https://itunes.apple.com/us/app/bubble-witch-2-saga/id834393815?mt=8&uo=2"}}, "id":{"label":"https://itunes.apple.com/us/app/bubble-witch-2-saga/id834393815?mt=8&uo=2", "attributes":{"im:id":"834393815", "im:bundleId":"com.midasplayer.apps.bubblewitchsaga2"}}, "im:artist":{"label":"King.com Limited", "attributes":{"href":"https://itunes.apple.com/us/artist/king.com-limited/id526656015?mt=8&uo=2"}}, "category":{"attributes":{"im:id":"6014", "term":"Games", "scheme":"https://itunes.apple.com/us/genre/ios-games/id6014?mt=8&uo=2", "label":"Games"}}, "im:releaseDate":{"label":"2014-06-03T08:51:08-07:00", "attributes":{"label":"June 3, 2014"}}}, 
{"im:name":{"label":"Bingo Bash HD - Free Bingo Casino"}, "im:image":[
{"label":"http://a1411.phobos.apple.com/us/r30/Purple1/v4/ee/16/c9/ee16c9da-cec2-e612-a461-cdeb8d1f3045/mzl.yalsgdkh.53x53-50.png", "attributes":{"height":"53"}}, 
{"label":"http://a1927.phobos.apple.com/us/r30/Purple1/v4/ee/16/c9/ee16c9da-cec2-e612-a461-cdeb8d1f3045/mzl.yalsgdkh.75x75-65.png", "attributes":{"height":"75"}}, 
{"label":"http://a516.phobos.apple.com/us/r30/Purple1/v4/ee/16/c9/ee16c9da-cec2-e612-a461-cdeb8d1f3045/mzl.yalsgdkh.100x100-75.png", "attributes":{"height":"100"}}], "summary":{"label":"Join 4 MILLION players in hit game, BINGO BASH! Play for FREE and experience an exciting new twist on the classic bingo game!\n\nWith 52 different ways to play Bingo and new rooms added every 2 weeks, the fun never ends with Bingo Bash!\n\nBingo Bash is the only bingo game in Apple’s Top 10 Apps of 2013.  \n \nBRAND NEW ROOM: LEMON SPLASH\nCheck out our brand new room Lemon Splash! Beat the summer heat with this REFRESHING new way to play Bingo!\n \n=WHY YOU WILL LOVE BINGO BASH=\n52 NEW WAYS TO PLAY BINGO\n \nBingo Bash takes classic game to next level by adding power ups, new twists to the game, achievements, collection items, surprise gifts - and much, much more. Play in unique rooms like Draw5, Pot of Gold, Solitaringo.\n \nMULTIPLAYER AND REALTIME\n \nPlay with 4 Million players from across the World. Chat, interact and compete in real time. Bingo Bash is the biggest real-time Bingo in the world. \n \nBRAND NEW ROOM EVERY 2 WEEKS\n \nNew rooms with never-before gameplay added every 2 weeks!\n \n350+ LEVELS\n \nUnlock new Rooms and get access to amazing Powerups.\n \nSLOT ROOMS\n \nSpin your way to MEGA WINS in exciting new slots rooms.\n \nPLAY ANYWHERE, ANYTIME!\nPlay across platforms. Bingo Bash is available on iPad, iPhone, Kindle, Desktop and Android.\n \nALL NEW CONTENT, ALL THE TIME!\nWONDER ROOMS - FLY AROUND THE WORLD ON A BINGO CARD\n          - Swim amid underwater wonders in the Great Barrier Reef Room.\n          - Battle with gladiators in the Colosseum.\n          - Scale the great wall of China.\n          - Play for high stakes in Las Vegas.\n          - Wade into the wilderness in the Amazon jungles.\n               ….and more!\n \n  SPECIAL/SEASONAL ROOMS - A ROOM FOR EVERY OCCASION.\n          - Sample the sweetest room in town in the Candy Carnival room. \n        - Bring two lovers together on the Sweethearts Bridge.\n    - Cheer on as the ball drops in our New Year’s Room. \n-   Go all in, in our high-stakes Slots Room.\n               ….and more!\n \n….don’t forget to check out our LATEST room - the Lemon Splash room, where you can chill off the summer's heat.\n \n \nHOW TO PLAY\n \n- Enter one of our 50+ wonder rooms and special rooms. \n- Pick your Bingo cards. Start playing!\n- Daub numbers that are called out.\n- Score BINGOS - and win BIG! Complete collection items. Win goodies. \n- Unlock newer levels and cool new rooms.\n- Play with millions of others. Make new friends. Chat with them while you play!\n\n\n\nLIKE OUR FACEBOOK PAGE: https://www.facebook.com/playbingobash \nWATCH OUR TRAILER: https://www.youtube.com/watch?v=p1TVBEnIlB8\nCONTACT SUPPORT: http://www.bashgaming.com/contact/\n \n \n\n\n**\nDownload the world’s #1 Bingo TODAY. Start playing this amazing fun & addictive twist on the all-time classic game now on your iPad - FREE."}, "im:price":{"label":"Free", "attributes":{"amount":"0.00000", "currency":"USD"}}, "im:contentType":{"attributes":{"term":"Application", "label":"Application"}}, "rights":{"label":"© 2012 BitRhymes Inc."}, "title":{"label":"Bingo Bash HD - Free Bingo Casino - BitRhymes Inc."}, "link":{"attributes":{"rel":"alternate", "type":"text/html", "href":"https://itunes.apple.com/us/app/bingo-bash-hd-free-bingo-casino/id486363584?mt=8&uo=2"}}, "id":{"label":"https://itunes.apple.com/us/app/bingo-bash-hd-free-bingo-casino/id486363584?mt=8&uo=2", "attributes":{"im:id":"486363584", "im:bundleId":"com.bitrhymes.bingo2"}}, "im:artist":{"label":"BitRhymes Inc.", "attributes":{"href":"https://itunes.apple.com/us/artist/bitrhymes-inc./id311349149?mt=8&uo=2"}}, "category":{"attributes":{"im:id":"6014", "term":"Games", "scheme":"https://itunes.apple.com/us/genre/ios-games/id6014?mt=8&uo=2", "label":"Games"}}, "im:releaseDate":{"label":"2012-04-09T21:20:17-07:00", "attributes":{"label":"April 9, 2012"}}}, 
{"im:name":{"label":"Jackpot Party Casino - Slots HD"}, "im:image":[
{"label":"http://a1633.phobos.apple.com/us/r30/Purple4/v4/49/1c/92/491c92a8-67e7-b6d9-057e-6ea804f36be5/mzl.ovjdweat.53x53-50.png", "attributes":{"height":"53"}}, 
{"label":"http://a149.phobos.apple.com/us/r30/Purple4/v4/49/1c/92/491c92a8-67e7-b6d9-057e-6ea804f36be5/mzl.ovjdweat.75x75-65.png", "attributes":{"height":"75"}}, 
{"label":"http://a1554.phobos.apple.com/us/r30/Purple4/v4/49/1c/92/491c92a8-67e7-b6d9-057e-6ea804f36be5/mzl.ovjdweat.100x100-75.png", "attributes":{"height":"100"}}], "summary":{"label":"Jackpot Party Casino brings all the excitement of REAL WMS Gaming casino slots to your iPad in HD!\nWith titles like ZEUS II, INVADERS FROM THE PLANET MOOLAH, and ROME AND EGYPT you’ll have all the lights and sounds of \nVegas in the palm of your hand. Connect with Facebook to compete and gift with friends, unlock new slots, and Win Big!\n\nPlay on these outstanding WMS Gaming slot machines right now!\n- Zeus II\n- Invaders from the planet Moolah\n- Brazilian Beauty\n- Jungle Wild\n- Reel Rich Devil\n- Fortunes of the Caribbean\n- Super Jackpot Party\n- Buffalo Spirit\n- Rome and Egypt\n- Hearts of Venice\n- Enchanted Kingdom\n- Reels O’ Dublin\n- I Love Lucy\n- Bruce Lee\n\nSpin on hit G+, Hot Hot Super Respin, Cascading Reels and other popular WMS Gaming machines. Jackpot Party Casino is the hot spot to play real casino slots with no real wagering. Now is your chance to take a piece of the fun! Good luck and we’ll see you on the casino floor!\n\nJackpot Party Casino is a Play for Fun casino that is intended for amusement only.\n\nNote: Guest account does NOT merge with Facebook account"}, "im:price":{"label":"Free", "attributes":{"amount":"0.00000", "currency":"USD"}}, "im:contentType":{"attributes":{"term":"Application", "label":"Application"}}, "rights":{"label":"© 2013 Williams Interactive"}, "title":{"label":"Jackpot Party Casino - Slots HD - Phantom EFX"}, "link":{"attributes":{"rel":"alternate", "type":"text/html", "href":"https://itunes.apple.com/us/app/jackpot-party-casino-slots-hd/id594843575?mt=8&uo=2"}}, "id":{"label":"https://itunes.apple.com/us/app/jackpot-party-casino-slots-hd/id594843575?mt=8&uo=2", "attributes":{"im:id":"594843575", "im:bundleId":"com.williamsinteractive.jackpotpartyhd"}}, "im:artist":{"label":"Phantom EFX", "attributes":{"href":"https://itunes.apple.com/us/artist/phantom-efx/id310624343?mt=8&uo=2"}}, "category":{"attributes":{"im:id":"6014", "term":"Games", "scheme":"https://itunes.apple.com/us/genre/ios-games/id6014?mt=8&uo=2", "label":"Games"}}, "im:releaseDate":{"label":"2013-02-04T10:37:38-07:00", "attributes":{"label":"February 4, 2013"}}}, 
{"im:name":{"label":"Star Wars: Commander"}, "im:image":[
{"label":"http://a1818.phobos.apple.com/us/r30/Purple4/v4/88/32/85/883285ff-d29f-7d25-88d6-691678155a4a/mzl.ipefetbj.53x53-50.png", "attributes":{"height":"53"}}, 
{"label":"http://a334.phobos.apple.com/us/r30/Purple4/v4/88/32/85/883285ff-d29f-7d25-88d6-691678155a4a/mzl.ipefetbj.75x75-65.png", "attributes":{"height":"75"}}, 
{"label":"http://a971.phobos.apple.com/us/r30/Purple4/v4/88/32/85/883285ff-d29f-7d25-88d6-691678155a4a/mzl.ipefetbj.100x100-75.png", "attributes":{"height":"100"}}], "summary":{"label":"Charge into battle on distant planets, and lead your troops to victory in this action-packed, combat strategy game! Build a base, recruit an unstoppable force, and challenge players across the Star Wars universe in Star Wars™: Commander! \n\nDuring a time of Galactic Civil War, competing forces need allies for their cause. The Rebellion rallies for justice and freedom, while the Empire seeks control of the galaxy. Where does your allegiance lie? Will you side with the Empire’s strength and relentlessness, or the Rebellion’s heroism and resourcefulness? The choice is yours! \n\nRise through the ranks as a powerful battlefield commander in this exciting game of strategy and competitive galactic combat! \n\nFeatures: \n-Choose your side: Will you command AT-ATs and TIE Fighters as the Empire? Or call on iconic heroes like Han Solo and Princess Leia as the Rebellion?\n-Build and defend your base: Train unique troops specific to each faction, and fortify your base with deflector shields, turrets, heavy artillery, and other defenses! \n-Lead epic battles: Strategically deploy powerful armies, units, and vehicles against enemies and players around the galaxy!\n-Form the ultimate Squad: Build strong alliances with friends and other players!\n-Travel to multiple planets and complete special missions: Play an all-new story as a valiant leader on the front lines of the Galactic Civil War.\n-Upgrade your strike team and its defenses: Strengthen your forces with multiple levels of upgrades for each unit!\n\nInvade enemy territory and establish an impenetrable base as you join the battle for dominance! \n\nFor the best experience, we recommend playing this game on an iPhone 4S, iPhone 5/5s/5c, and iPads running iOS7 and above.  Playing on an iPhone 4 may result in longer load times and slower performance.\n\nBefore you download this experience, please consider that this app contains social media links to connect with others, in-app purchases that cost real money, push notifications to let you know when we have exciting updates like new content, as well as advertising for The Walt Disney Family of Companies and some third parties.\n\nPrivacy Policy - http://disneyprivacycenter.com\nTerms of Use - http://disneytermsofuse.com"}, "im:price":{"label":"Free", "attributes":{"amount":"0.00000", "currency":"USD"}}, "im:contentType":{"attributes":{"term":"Application", "label":"Application"}}, "rights":{"label":"© 2014 LucasFilm Ltd."}, "title":{"label":"Star Wars: Commander - LucasArts"}, "link":{"attributes":{"rel":"alternate", "type":"text/html", "href":"https://itunes.apple.com/us/app/star-wars-commander/id847985808?mt=8&uo=2"}}, "id":{"label":"https://itunes.apple.com/us/app/star-wars-commander/id847985808?mt=8&uo=2", "attributes":{"im:id":"847985808", "im:bundleId":"com.lucasarts.starts"}}, "im:artist":{"label":"LucasArts", "attributes":{"href":"https://itunes.apple.com/us/artist/lucasarts/id324741350?mt=8&uo=2"}}, "category":{"attributes":{"im:id":"6014", "term":"Games", "scheme":"https://itunes.apple.com/us/genre/ios-games/id6014?mt=8&uo=2", "label":"Games"}}, "im:releaseDate":{"label":"2014-08-20T22:19:37-07:00", "attributes":{"label":"August 20, 2014"}}}, 
{"im:name":{"label":"Slotomania - Free Video Slots Games"}, "im:image":[
{"label":"http://a1861.phobos.apple.com/us/r30/Purple3/v4/04/47/4a/04474af0-bea0-d50f-1b7b-1013c4876f30/mzl.mecauexg.53x53-50.png", "attributes":{"height":"53"}}, 
{"label":"http://a377.phobos.apple.com/us/r30/Purple3/v4/04/47/4a/04474af0-bea0-d50f-1b7b-1013c4876f30/mzl.mecauexg.75x75-65.png", "attributes":{"height":"75"}}, 
{"label":"http://a934.phobos.apple.com/us/r30/Purple3/v4/04/47/4a/04474af0-bea0-d50f-1b7b-1013c4876f30/mzl.mecauexg.100x100-75.png", "attributes":{"height":"100"}}], "summary":{"label":"Play Slotomania, the #1 social video slots game online! With over 55 slot games to choose from and tons of bonus features, you’re guaranteed non-stop excitement.\n\nEnjoyed by millions worldwide; Slotomania is the favorite social slots game online providing unlimited FREE entertainment, top-tier graphics, and high-quality sound effects.\n\nPlayers love Slotomania’s:\n*Unique new games added all the time\n*Frequent special promotions \n*Countless opportunities to win coins from bonus rounds, free spins, gifts, and mini games\n*Free gifts you can send and receive from friends\n*Many ways to quickly unlock games\n*Instant accessibility anywhere, anytime, and from any device\n\nThe best part is Slotomania is EASY to play and easy to win BIG! Play Slotomania now and MEET YOUR LUCK today!\n\nThis product is intended for use by those 21 or older for amusement purposes only.\n\n*** Customized for iPhone 5 and iPad HD \n\n\nTerms of service http://playtika.com/terms-of-service.html\n\nSlotomania does not manipulate or otherwise interfere with tournament outcomes in any way. Results are based entirely on luck and the choices made by players in the tournament. Live Tournamania is in no way endorsed, sponsored by, or associated with Apple/iTunes."}, "im:price":{"label":"Free", "attributes":{"amount":"0.00000", "currency":"USD"}}, "im:contentType":{"attributes":{"term":"Application", "label":"Application"}}, "rights":{"label":"© Playtika LTD"}, "title":{"label":"Slotomania - Free Video Slots Games - Playtika LTD"}, "link":{"attributes":{"rel":"alternate", "type":"text/html", "href":"https://itunes.apple.com/us/app/slotomania-free-video-slots/id447553564?mt=8&uo=2"}}, "id":{"label":"https://itunes.apple.com/us/app/slotomania-free-video-slots/id447553564?mt=8&uo=2", "attributes":{"im:id":"447553564", "im:bundleId":"com.playtika.slotomania"}}, "im:artist":{"label":"Playtika LTD", "attributes":{"href":"https://itunes.apple.com/us/artist/playtika-ltd/id447553567?mt=8&uo=2"}}, "category":{"attributes":{"im:id":"6014", "term":"Games", "scheme":"https://itunes.apple.com/us/genre/ios-games/id6014?mt=8&uo=2", "label":"Games"}}, "im:releaseDate":{"label":"2011-11-07T06:33:35-07:00", "attributes":{"label":"November 7, 2011"}}}, 
{"im:name":{"label":"Boom Beach"}, "im:image":[
{"label":"http://a1973.phobos.apple.com/us/r30/Purple3/v4/a6/21/a1/a621a1dd-51da-0e22-77e5-9d73811d21d6/mzl.zaepbcmv.53x53-50.png", "attributes":{"height":"53"}}, 
{"label":"http://a489.phobos.apple.com/us/r30/Purple3/v4/a6/21/a1/a621a1dd-51da-0e22-77e5-9d73811d21d6/mzl.zaepbcmv.75x75-65.png", "attributes":{"height":"75"}}, 
{"label":"http://a278.phobos.apple.com/us/r30/Purple3/v4/a6/21/a1/a621a1dd-51da-0e22-77e5-9d73811d21d6/mzl.zaepbcmv.100x100-75.png", "attributes":{"height":"100"}}], "summary":{"label":"Storm the beach and win the day! Boom Beach is a combat strategy game where you fight an epic war against the evil Blackguard. Take your expeditionary force to beautiful paradise islands invaded by the enemy. Fight for every beachhead, free enslaved islanders and explore the uncharted archipelago. The fight becomes a race to harness the ancient powers hidden on the islands. Are you ready for the BOOM?\n\nPLEASE NOTE! Boom Beach is completely free to play. However, some game items can also be purchased for real money. If you don't want to use this feature, please disable in-app purchases in your device's settings.\n\nFEATURES\n- explore a huge tropical archipelago full of danger and treasure\n- play with thousands of other players, raid their bases and enjoy the spoils of war\n- attack hundreds of unique island bases controlled by the evil Blackguard\n- face fearsome Boss Enemies and uncover their evil plans\n- discover the mysterious power of ancient statues and Life Crystals\n\nUnder our Terms of Services and Privacy Policy, Boom Beach is allowed for download and play only for persons 13 years or over of age without parental consent"}, "im:price":{"label":"Free", "attributes":{"amount":"0.00000", "currency":"USD"}}, "im:contentType":{"attributes":{"term":"Application", "label":"Application"}}, "rights":{"label":"© 2013 Supercell"}, "title":{"label":"Boom Beach - Supercell"}, "link":{"attributes":{"rel":"alternate", "type":"text/html", "href":"https://itunes.apple.com/us/app/boom-beach/id672150402?mt=8&uo=2"}}, "id":{"label":"https://itunes.apple.com/us/app/boom-beach/id672150402?mt=8&uo=2", "attributes":{"im:id":"672150402", "im:bundleId":"com.supercell.reef"}}, "im:artist":{"label":"Supercell", "attributes":{"href":"https://itunes.apple.com/us/artist/supercell/id488106216?mt=8&uo=2"}}, "category":{"attributes":{"im:id":"6014", "term":"Games", "scheme":"https://itunes.apple.com/us/genre/ios-games/id6014?mt=8&uo=2", "label":"Games"}}, "im:releaseDate":{"label":"2014-03-26T11:12:04-07:00", "attributes":{"label":"March 26, 2014"}}}, 
{"im:name":{"label":"Pet Rescue Saga"}, "im:image":[
{"label":"http://a971.phobos.apple.com/us/r30/Purple5/v4/4c/1e/0f/4c1e0f3d-24e6-d321-ff7f-9ca6adad804b/mzl.chkcgksx.53x53-50.png", "attributes":{"height":"53"}}, 
{"label":"http://a1839.phobos.apple.com/us/r30/Purple5/v4/4c/1e/0f/4c1e0f3d-24e6-d321-ff7f-9ca6adad804b/mzl.chkcgksx.75x75-65.png", "attributes":{"height":"75"}}, 
{"label":"http://a1692.phobos.apple.com/us/r30/Purple5/v4/4c/1e/0f/4c1e0f3d-24e6-d321-ff7f-9ca6adad804b/mzl.chkcgksx.100x100-75.png", "attributes":{"height":"100"}}], "summary":{"label":"Pet Rescue Saga, from the makers of Candy Crush Saga & Farm Heroes Saga!\n\nIt's a perfect pet puzzler!\n\nMatch two or more blocks of the same color to clear the level and rescue the pets from the evil Pet Snatchers! Moves are limited so plan them carefully. Your puzzle skills will be tested with hours of block busting fun!\nTake on this puzzling Saga alone or play with friends to see who can get the highest score! \n \n***  Downloaded over 150 million times! - Thanks to all our fans ***\n\nPet Rescue Saga is completely free to play but some in-game items such as extra moves or lives will require payment. You can turn off the payment feature by disabling in-app purchases in your device’s settings.\n\n------------------------------- \n\nPet Rescue Saga Features;\n• Eye-catching graphics and colorful gameplay \n• Lovable pets of all varieties, puppies, bunnies, piglets and many more! \n• Diamonds, exploding bombs, colorful paint pots, locked animal cages and much more \n• Spectacular boosters and bonus rewards unlocked after many levels \n• Easy and fun to play, challenging to master \n• Hundreds of pet puzzling levels - more added every 2 weeks!\n• Leaderboards to watch your friends and competitors!\n• Easily sync the game between devices and unlock full game features when connected to the Internet\n\n------------------------------- \n\nAlready a fan of Pet Rescue Saga? Like us on Facebook or follow us on Twitter for the latest news: \n\nfacebook.com/PetRescueSaga \ntwitter.com/PetRescueSaga\n\nLast but not least, a big THANK YOU goes out to everyone who has played Pet Rescue Saga!"}, "im:price":{"label":"Free", "attributes":{"amount":"0.00000", "currency":"USD"}}, "im:contentType":{"attributes":{"term":"Application", "label":"Application"}}, "rights":{"label":"© King.com Limited 2013. All rights reserved."}, "title":{"label":"Pet Rescue Saga - King.com Limited"}, "link":{"attributes":{"rel":"alternate", "type":"text/html", "href":"https://itunes.apple.com/us/app/pet-rescue-saga/id572821456?mt=8&uo=2"}}, "id":{"label":"https://itunes.apple.com/us/app/pet-rescue-saga/id572821456?mt=8&uo=2", "attributes":{"im:id":"572821456", "im:bundleId":"com.midasplayer.apps.petrescuesaga"}}, "im:artist":{"label":"King.com Limited", "attributes":{"href":"https://itunes.apple.com/us/artist/king.com-limited/id526656015?mt=8&uo=2"}}, "category":{"attributes":{"im:id":"6014", "term":"Games", "scheme":"https://itunes.apple.com/us/genre/ios-games/id6014?mt=8&uo=2", "label":"Games"}}, "im:releaseDate":{"label":"2013-06-12T07:57:39-07:00", "attributes":{"label":"June 12, 2013"}}}, 
{"im:name":{"label":"GSN Casino – Wheel of Fortune Slots, Deal or No Deal Slots, Ghostbusters Slots, Video Bingo, Video Poker and more!"}, "im:image":[
{"label":"http://a160.phobos.apple.com/us/r30/Purple/v4/d6/db/1b/d6db1b81-9a55-ee2b-a82e-37e6581bf711/mzl.bxjanens.53x53-50.png", "attributes":{"height":"53"}}, 
{"label":"http://a676.phobos.apple.com/us/r30/Purple/v4/d6/db/1b/d6db1b81-9a55-ee2b-a82e-37e6581bf711/mzl.bxjanens.75x75-65.png", "attributes":{"height":"75"}}, 
{"label":"http://a1697.phobos.apple.com/us/r30/Purple/v4/d6/db/1b/d6db1b81-9a55-ee2b-a82e-37e6581bf711/mzl.bxjanens.100x100-75.png", "attributes":{"height":"100"}}], "summary":{"label":"The world’s BEST casino app – free slots, bingo, poker, and blackjack! \n\nWheel of Fortune Slots®\n- Go for the JACKPOT! It’s a casino twist on America’s #1 game show.\n\nDeal or No Deal Slots\n- Battle the Banker for a Token multiplier! \n\nGhostbusters Slots\n-If there’s something strange in your neighborhood, who you gonna call? GHOSTBUSTERS! It’s Slime Time with Egon, Ray, Venkman, Winston, and even Slimer himself. Go for a Stay Puft-sized jackpot now.\n\nVideo Bingo\n- Rack up PRIZE BALLS, activate the Rocket boost, and go for Triple Bingo.\n\nOutlaw Video Poker \n- Score up to 250x your bet in this poker favorite!\n\nHigh Stakes Blackjack\n- Face off against the dealer in our top blackjack game.\n\nPLUS:\nPirate’s Fortune Slots\nUndersea Treasure Slots\nTiki Island Slots\nClassic 777 Slots\nDeuces Wild \n\nMillions of players are already winning – get in on the action!\n- Score 12,500 FREE Tokens when you register to play. \n- Pocket a Token Bonus EVERY DAY when you log in to the casino. \n\nLog in with Facebook, GSN.com, or play as a guest. Your device must have an active Internet connection.\n\nPlay even more free casino games at GSN.com  \n\nLike us on Facebook: https://www.facebook.com/GamesbyGSN\n\nFollow us on Google+: https://plus.google.com/104346212084811735671\n\nQuestions? Suggestions? Email us at mobileapps@gsn.com"}, "im:price":{"label":"Free", "attributes":{"amount":"0.00000", "currency":"USD"}}, "im:contentType":{"attributes":{"term":"Application", "label":"Application"}}, "rights":{"label":"© 2014 GSN  All Rights Reserved."}, "title":{"label":"GSN Casino – Wheel of Fortune Slots, Deal or No Deal Slots, Ghostbusters Slots, Video Bingo, Video Poker and more! - Game Show Network"}, "link":{"attributes":{"rel":"alternate", "type":"text/html", "href":"https://itunes.apple.com/us/app/gsn-casino-wheel-fortune-slots/id469231420?mt=8&uo=2"}}, "id":{"label":"https://itunes.apple.com/us/app/gsn-casino-wheel-fortune-slots/id469231420?mt=8&uo=2", "attributes":{"im:id":"469231420", "im:bundleId":"com.gsn.gsncasino"}}, "im:artist":{"label":"Game Show Network", "attributes":{"href":"https://itunes.apple.com/us/artist/game-show-network/id342254535?mt=8&uo=2"}}, "category":{"attributes":{"im:id":"6014", "term":"Games", "scheme":"https://itunes.apple.com/us/genre/ios-games/id6014?mt=8&uo=2", "label":"Games"}}, "im:releaseDate":{"label":"2011-12-15T16:37:39-07:00", "attributes":{"label":"December 15, 2011"}}}, 
{"im:name":{"label":"Slots - House of Fun"}, "im:image":[
{"label":"http://a985.phobos.apple.com/us/r30/Purple3/v4/92/ea/c3/92eac310-de99-1bba-6a24-b76a583f20c8/mzl.cdvatcct.53x53-50.png", "attributes":{"height":"53"}}, 
{"label":"http://a1853.phobos.apple.com/us/r30/Purple3/v4/92/ea/c3/92eac310-de99-1bba-6a24-b76a583f20c8/mzl.cdvatcct.75x75-65.png", "attributes":{"height":"75"}}, 
{"label":"http://a778.phobos.apple.com/us/r30/Purple3/v4/92/ea/c3/92eac310-de99-1bba-6a24-b76a583f20c8/mzl.cdvatcct.100x100-75.png", "attributes":{"height":"100"}}], "summary":{"label":"Exciting slots action is always at your fingertips with House of Fun! With stunning graphics, captivating features & the widest selection of games,  it’s easy to see why House of Fun is the choice of true slots. Join now for the most authentic slots gaming outside the Vegas Strip! \nDownload now and get 1000 coins on the house to get you going!\n\n*** Don't forget to rate and share your feedback with our community. We appreciate your opinion!!! ***\n\nWith House of Fun you’ll enjoy:\n* Huge variety of top-quality slot machines, each with its own unique features and feel!\n* Exciting new games released every week!\n* Huge progressive jackpots and exciting bonus rounds!\n* Free coins every 3 hours - Collect higher coin amounts as you increase your player level! \n* Collect 5 hourly bonuses and a chance to win big on the Wheel of Fun!\n* Play anytime, anywhere - Connect with Facebook and your mobile device!\n* Connect to Facebook and invite your friends to increase your bonuses\n* Personalized service delivered by the best support team in the industry\n* Dedicated personal account managers for our VIP players!\n* Follow House of Fun on Facebook and Twitter for exclusive offers and bonuses!\nhttp://www.facebook.com/houseoffungames | http://twitter.com/houseoffungames"}, "im:price":{"label":"Free", "attributes":{"amount":"0.00000", "currency":"USD"}}, "im:contentType":{"attributes":{"term":"Application", "label":"Application"}}, "rights":{"label":"© Pacific Interactive Ltd"}, "title":{"label":"Slots - House of Fun - Pacific-Interactive ltd"}, "link":{"attributes":{"rel":"alternate", "type":"text/html", "href":"https://itunes.apple.com/us/app/slots-house-of-fun/id586634331?mt=8&uo=2"}}, "id":{"label":"https://itunes.apple.com/us/app/slots-house-of-fun/id586634331?mt=8&uo=2", "attributes":{"im:id":"586634331", "im:bundleId":"HoF-Slots"}}, "im:artist":{"label":"Pacific-Interactive ltd", "attributes":{"href":"https://itunes.apple.com/us/artist/pacific-interactive-ltd/id580824260?mt=8&uo=2"}}, "category":{"attributes":{"im:id":"6014", "term":"Games", "scheme":"https://itunes.apple.com/us/genre/ios-games/id6014?mt=8&uo=2", "label":"Games"}}, "im:releaseDate":{"label":"2013-03-14T10:04:15-07:00", "attributes":{"label":"March 14, 2013"}}}, 
{"im:name":{"label":"Cookie Jam"}, "im:image":[
{"label":"http://a1337.phobos.apple.com/us/r30/Purple5/v4/c2/f7/22/c2f7228c-a8a2-afea-a92a-5477716c1c65/mzl.smmosdhy.53x53-50.png", "attributes":{"height":"53"}}, 
{"label":"http://a205.phobos.apple.com/us/r30/Purple5/v4/c2/f7/22/c2f7228c-a8a2-afea-a92a-5477716c1c65/mzl.smmosdhy.75x75-65.png", "attributes":{"height":"75"}}, 
{"label":"http://a1994.phobos.apple.com/us/r30/Purple5/v4/c2/f7/22/c2f7228c-a8a2-afea-a92a-5477716c1c65/mzl.smmosdhy.100x100-75.png", "attributes":{"height":"100"}}], "summary":{"label":"Crunch your cookies before they crumble! Sprinkled with a deliciously sweet twist, this match-3 game is equal parts fun and challenging. Hop in your traveling bakery to set sail on this new puzzle adventure and explore mouth-watering patisseries from around the world. \n\nWhip your way though dozens of addictively sweet recipe-solving challenges by concocting scrumptious combos. But crunch, crunch as fast as you can, or your batch will be ruined by the Gingerbread Man. It’s crunch time! \n \nKey Ingredients:\n- Never-ending fun with hundreds of unique levels\n- Deliciously sweet supply of power-ups and combos\n- Float your way through fantastical bakery islands\n- Fun and easy to learn, but a rewarding challenge to master\n \nTopped With:\n- Facebook connection so you can share the adventure with friends\n- Special rewards and events all the time\n- Seamless sync across multiple devices and platforms!\n \n\"This is my favorite match-3 game yet. I love the feeling of completing the recipes... that's really unique!\"\n-Leonie, FL\n\n\"I love all the special combos you can create on the board. I keep combining different pieces just to see what they'll do!\"\n-Eli, NM\n\n\"There are really cool challenges in this game! I especially like going toe-to-toe with the evil gingerbread man!\"\n-Sharon, KY\n\nLIKE: https://www.facebook.com/cookiejamgame\nFOLLOW: @SGNgames\n \nDEVELOPER INFO: SGN is the leading developer in truly cross-platform social gaming! Chart-topping hits include Panda Pop, Panda Jam, Bingo Blingo, and so many more! Wherever you are, pick up and play today."}, "im:price":{"label":"Free", "attributes":{"amount":"0.00000", "currency":"USD"}}, "im:contentType":{"attributes":{"term":"Application", "label":"Application"}}, "rights":{"label":"© SGN"}, "title":{"label":"Cookie Jam - SGN"}, "link":{"attributes":{"rel":"alternate", "type":"text/html", "href":"https://itunes.apple.com/us/app/cookie-jam/id727296976?mt=8&uo=2"}}, "id":{"label":"https://itunes.apple.com/us/app/cookie-jam/id727296976?mt=8&uo=2", "attributes":{"im:id":"727296976", "im:bundleId":"com.sgn.cookiejam"}}, "im:artist":{"label":"SGN", "attributes":{"href":"https://itunes.apple.com/us/artist/sgn/id290671617?mt=8&uo=2"}}, "category":{"attributes":{"im:id":"6014", "term":"Games", "scheme":"https://itunes.apple.com/us/genre/ios-games/id6014?mt=8&uo=2", "label":"Games"}}, "im:releaseDate":{"label":"2014-02-26T00:02:47-07:00", "attributes":{"label":"February 26, 2014"}}}, 
{"im:name":{"label":"The Hobbit: Kingdoms of Middle-earth"}, "im:image":[
{"label":"http://a1720.phobos.apple.com/us/r30/Purple1/v4/dc/a5/dd/dca5dd99-a2cc-60a6-a030-4662f0d417c5/mzl.cehlkjas.53x53-50.png", "attributes":{"height":"53"}}, 
{"label":"http://a236.phobos.apple.com/us/r30/Purple1/v4/dc/a5/dd/dca5dd99-a2cc-60a6-a030-4662f0d417c5/mzl.cehlkjas.75x75-65.png", "attributes":{"height":"75"}}, 
{"label":"http://a1849.phobos.apple.com/us/r30/Purple1/v4/dc/a5/dd/dca5dd99-a2cc-60a6-a030-4662f0d417c5/mzl.cehlkjas.100x100-75.png", "attributes":{"height":"100"}}], "summary":{"label":"Lead Gandalf, Bilbo, Legolas and more in a battle to defeat the forces of evil! Join Millions of players online to build your Elf or Dwarf Kingdom and rule Middle-earth!\n►►►Official mobile game of The Hobbit movie trilogy◄◄◄\n►►►Over 20 million players and counting◄◄◄\n\nThe battle for Middle-earth has just begun! PLAY FOR FREE and join millions worldwide to drive the Goblin hordes from the lands beyond the Misty Mountains in The Hobbit: Kingdoms of Middle-earth!  Gather friends to form powerful Alliances and make your way to the top of the leaderboards. Play as an Elf or Dwarf as you join Gandalf, Bilbo, and Thorin to build your empire and dominate the realm of Middle-earth. \n\nSUMMON LEGENDARY MIDDLE-EARTH HEROES\n• Appoint heroes including Gandalf, Legolas and Thorin Oakenshield to lead your troops in battle\nAMASS A POWERFUL ARMY\n• Join the Elves or Dwarves and train vast armies to rule the realm of Middle-earth\nBUILD A MIGHTY FELLOWSHIP\n• Connect with fellow players in real-time to build a powerful Alliance to crush the competition\nCONQUER CAMPAIGN MODE\nAdventure through epic quests to defeat fearsome bosses and the evil Dragon Smaug\nRULE YOUR KINGDOM ON-THE-GO\n• Strategize against opponents as you bring Middle-earth with you on your mobile device\n\nFor news and updates, follow @TheHobbitKingdoms on Twitter\nLike us on Facebook: https://www.facebook.com/TheHobbitKingdomsOfMiddleEarth\nVisit the Kabam Developer Room: http://appstore.com/kabam\n\n►►Featured in Hollywood Hits on the App Store!◄◄◄\n\n**************Important***********\nNote: A network connection is required to play\nWorks with iPhone 3GS+, iPod touch 3rd & later, and all iPads\nRequires iOS 4.3 or later\n*********************************\n\nBy downloading this game, you agree to the Terms of Service, Privacy Policy and the License Agreement:\n\nhttp://community.kabam.com/forums/showthread.php?135924-Privacy-Policy-for-The-Hobbit-Kingdoms-of-Middle-earth \n\nhttp://community.kabam.com/forums/showthread.php?135925-Terms-of-Service-for-The-Hobbit-Kingdoms-of-Middle-earth\n\nhttp://community.kabam.com/forums/showthread.php?137123-End-User-License-Agreement-for-The-Hobbit-Kingdoms-of-Middle-earth"}, "im:price":{"label":"Free", "attributes":{"amount":"0.00000", "currency":"USD"}}, "im:contentType":{"attributes":{"term":"Application", "label":"Application"}}, "rights":{"label":"© 2014 Kabam Inc., All Rights Reserved."}, "title":{"label":"The Hobbit: Kingdoms of Middle-earth - Kabam"}, "link":{"attributes":{"rel":"alternate", "type":"text/html", "href":"https://itunes.apple.com/us/app/hobbit-kingdoms-middle-earth/id558823262?mt=8&uo=2"}}, "id":{"label":"https://itunes.apple.com/us/app/hobbit-kingdoms-middle-earth/id558823262?mt=8&uo=2", "attributes":{"im:id":"558823262", "im:bundleId":"com.kabam.fortress"}}, "im:artist":{"label":"Kabam", "attributes":{"href":"https://itunes.apple.com/us/artist/kabam/id445459903?mt=8&uo=2"}}, "category":{"attributes":{"im:id":"6014", "term":"Games", "scheme":"https://itunes.apple.com/us/genre/ios-games/id6014?mt=8&uo=2", "label":"Games"}}, "im:releaseDate":{"label":"2012-11-01T02:50:05-07:00", "attributes":{"label":"November 1, 2012"}}}, 
{"im:name":{"label":"Hit it Rich! Free Casino Slots"}, "im:image":[
{"label":"http://a1549.phobos.apple.com/us/r30/Purple5/v4/c5/c7/38/c5c738df-fa71-82fa-3790-5d5a07bcaf92/mzl.xguyumkt.53x53-50.png", "attributes":{"height":"53"}}, 
{"label":"http://a417.phobos.apple.com/us/r30/Purple5/v4/c5/c7/38/c5c738df-fa71-82fa-3790-5d5a07bcaf92/mzl.xguyumkt.75x75-65.png", "attributes":{"height":"75"}}, 
{"label":"http://a1438.phobos.apple.com/us/r30/Purple5/v4/c5/c7/38/c5c738df-fa71-82fa-3790-5d5a07bcaf92/mzl.xguyumkt.100x100-75.png", "attributes":{"height":"100"}}], "summary":{"label":"Follow the yellow brick road to riches in THE WIZARD OF OZ™! Win big with THE TERMINATOR™! Go for glam in SEX AND THE CITY™! And the original, DUCK DYNASTY™ slots. Hit It Rich!™ slots has something for everyone, and its FREE!\n\nFeatures:\n\n• ICONIC GAMES - Play slots featuring The Wizard of Oz™, The Terminator™, Sex and the City™, and Duck Dynasty™\n• FREE COINS - Start Rich! Play with 30,000 free coins and get more free from Daily Bonuses and Bonus Games\n• WIN BIG WITH FRIENDS - Connect with Facebook and send your friends free spins, or extend their play with free coins\n• HIGH-QUALITY VEGAS DESIGN - Experience state-of-the art game design, graphics and sound\n• BONUS GAMES GALORE - Play action-packed bonus games with HUGE jackpots!\n\nAdditional coins available for purchase.\n\nFacebook: facebook.com/HitItRichSlots\nTwitter: twitter.com/HitItRichSlots\n\nUse of this application is governed by the Zynga™ Terms of Service. Collection and use of personal data are subject to Zynga's Privacy Policy. Both policies are available in the Application License Agreement and Privacy Policy sections\nbelow, as well as at www.zynga.com. Social Networking Service terms may also apply. Must be 13+ to play."}, "im:price":{"label":"Free", "attributes":{"amount":"0.00000", "currency":"USD"}}, "im:contentType":{"attributes":{"term":"Application", "label":"Application"}}, "rights":{"label":"© 2013 Zynga Inc."}, "title":{"label":"Hit it Rich! Free Casino Slots - Zynga Inc."}, "link":{"attributes":{"rel":"alternate", "type":"text/html", "href":"https://itunes.apple.com/us/app/hit-it-rich!-free-casino-slots/id694876905?mt=8&uo=2"}}, "id":{"label":"https://itunes.apple.com/us/app/hit-it-rich!-free-casino-slots/id694876905?mt=8&uo=2", "attributes":{"im:id":"694876905", "im:bundleId":"com.zynga.hititrich"}}, "im:artist":{"label":"Zynga Inc.", "attributes":{"href":"https://itunes.apple.com/us/artist/zynga-inc./id295913422?mt=8&uo=2"}}, "category":{"attributes":{"im:id":"6014", "term":"Games", "scheme":"https://itunes.apple.com/us/genre/ios-games/id6014?mt=8&uo=2", "label":"Games"}}, "im:releaseDate":{"label":"2013-12-10T11:41:42-07:00", "attributes":{"label":"December 10, 2013"}}}, 
{"im:name":{"label":"Minecraft – Pocket Edition"}, "im:image":[
{"label":"http://a1105.phobos.apple.com/us/r30/Purple4/v4/67/ed/6c/67ed6c44-aa9e-4ea2-e21b-3b0ab4d8eee1/mzl.nnlcewhx.53x53-50.png", "attributes":{"height":"53"}}, 
{"label":"http://a1621.phobos.apple.com/us/r30/Purple4/v4/67/ed/6c/67ed6c44-aa9e-4ea2-e21b-3b0ab4d8eee1/mzl.nnlcewhx.75x75-65.png", "attributes":{"height":"75"}}, 
{"label":"http://a2.phobos.apple.com/us/r30/Purple4/v4/67/ed/6c/67ed6c44-aa9e-4ea2-e21b-3b0ab4d8eee1/mzl.nnlcewhx.100x100-75.png", "attributes":{"height":"100"}}], "summary":{"label":"Play the biggest update to Minecraft: Pocket Edition so far! It’s the overhaul of a generation. Download it now and see for yourself!\n\nMinecraft is a game about placing blocks and going on adventures.\n\nPocket Edition includes Survival and Creative modes, multiplayer over a local Wi-Fi network, infinite worlds, caves, new biomes, mobs, villages and lots more. Craft, create and explore anywhere in the world so long as you have hands spare and battery to burn. \n\nThere’s never been a better time to enjoy Minecraft on the move. \n\nMinecraft — Pocket Edition is a Universal App. Pay once and play on any of your iDevices."}, "im:price":{"label":"$6.99", "attributes":{"amount":"6.99000", "currency":"USD"}}, "im:contentType":{"attributes":{"term":"Application", "label":"Application"}}, "rights":{"label":"© Mojang AB"}, "title":{"label":"Minecraft – Pocket Edition - Mojang"}, "link":{"attributes":{"rel":"alternate", "type":"text/html", "href":"https://itunes.apple.com/us/app/minecraft-pocket-edition/id479516143?mt=8&uo=2"}}, "id":{"label":"https://itunes.apple.com/us/app/minecraft-pocket-edition/id479516143?mt=8&uo=2", "attributes":{"im:id":"479516143", "im:bundleId":"com.mojang.minecraftpe"}}, "im:artist":{"label":"Mojang", "attributes":{"href":"https://itunes.apple.com/us/artist/mojang/id479516146?mt=8&uo=2"}}, "category":{"attributes":{"im:id":"6014", "term":"Games", "scheme":"https://itunes.apple.com/us/genre/ios-games/id6014?mt=8&uo=2", "label":"Games"}}, "im:releaseDate":{"label":"2011-11-17T00:00:00-07:00", "attributes":{"label":"November 17, 2011"}}}, 
{"im:name":{"label":"BINGO Blitz - FREE Bingo + Slots"}, "im:image":[
{"label":"http://a418.phobos.apple.com/us/r30/Purple4/v4/18/57/94/185794d5-48d7-c32a-4929-ba137c9e6799/mzl.qfwozfac.53x53-50.png", "attributes":{"height":"53"}}, 
{"label":"http://a934.phobos.apple.com/us/r30/Purple4/v4/18/57/94/185794d5-48d7-c32a-4929-ba137c9e6799/mzl.qfwozfac.75x75-65.png", "attributes":{"height":"75"}}, 
{"label":"http://a1347.phobos.apple.com/us/r30/Purple4/v4/18/57/94/185794d5-48d7-c32a-4929-ba137c9e6799/mzl.qfwozfac.100x100-75.png", "attributes":{"height":"100"}}], "summary":{"label":"Soak up the daubs in NEW Beach Day BINGO!\n\nDownload the FREE Award-Winning BINGO & Slots game for your iPad, iPhone, and iPod Touch!  We have over 50 exciting rooms, including 30+ internationally-themed rooms, speciality rooms, and Slots! We add new content every week so check back often! Play BINGO Blitz today!\n\n***Wi-Fi connection suggested for best playing experience.***\n\nA NEW TAKE ON BINGO\n\nBINGO Blitz mixes the classic game of bingo with exciting arcade-style gameplay features such as power-ups,  collection items,  achievements, and much more to create a unique and addicting Bingo experience.\n\nREAL-TIME MULTIPLAYER & COMMUNITY EXPERIENCE\n\nConnect and play against millions of players from around the world! Chat in-game and in real-time with other bingo players while you daub or between rounds. Play up to 4 cards at a time on iPad, iPhone, and iPod touch!\n\nGAME-CHANGING POWER-UPS\n\nTilt the odds in your favor with an array of power-ups that can cause a cascade of bingos, boost scores, and elevate your status in the game.\n\nTRAVEL THE GLOBE AND COMPLETE COLLECTIONS\n\nTravel around the world through more than 30+ international Bingo rooms with unique goals, collections, trophies, and rewards!\n\nELVIS BINGO!\n\nWe’re the official BINGO home of Elvis! BINGO with The King in our two new rooms: Elvis Backstage and Elvis Paradise! Collect the Elvis-themed items to complete the Elvis scene, and daub while The King himself calls the numbers!\n\nSLOTS ACTION\n\nSpin in one of our themed slots rooms, each with their own collections and achievements.\n\nSEASONAL ROOMS\n\nA BINGO and slots room for every occasion – we offer limited time rooms for seasons and holidays!\n\nCROSS-PLATFORM PLAY\n\nConnect your BINGO Blitz account to Facebook or your iPad, iPhone or iPod Touch and sync your profile, credits, keys, power-ups, and everything else you’ll need.\n\nUPDATES! UPDATES! UPDATES!\n\nOur weekly app updates bring you new rooms and new features.  Check our Facebook page for more information!\n\nLike us on: Facebook.com/BingoBlitz\nFollow us on: Twitter.com/Bingo_Blitz\n\nHaving problems? Any suggestions? We would love to hear from you! You can reach us at mobilesupport@buffalo-studios.com.\n\nEnjoy the game directly on your PC through Facebook at https://apps.facebook.com/bingoblitz/\n\n** DON'T MISS OUR OTHER EXCITING GAME! ** Bingo Rush 2  -- Our supercharged, heart-pounding take on BINGO – available now in the App Store!"}, "im:price":{"label":"Free", "attributes":{"amount":"0.00000", "currency":"USD"}}, "im:contentType":{"attributes":{"term":"Application", "label":"Application"}}, "rights":{"label":"© (c)2011-2013 Buffalo Studios, LLC"}, "title":{"label":"BINGO Blitz - FREE Bingo + Slots - Buffalo Studios"}, "link":{"attributes":{"rel":"alternate", "type":"text/html", "href":"https://itunes.apple.com/us/app/bingo-blitz-free-bingo-+-slots/id529996768?mt=8&uo=2"}}, "id":{"label":"https://itunes.apple.com/us/app/bingo-blitz-free-bingo-+-slots/id529996768?mt=8&uo=2", "attributes":{"im:id":"529996768", "im:bundleId":"com.buffalo-studios.newflashbingo"}}, "im:artist":{"label":"Buffalo Studios", "attributes":{"href":"https://itunes.apple.com/us/artist/buffalo-studios/id504720043?mt=8&uo=2"}}, "category":{"attributes":{"im:id":"6014", "term":"Games", "scheme":"https://itunes.apple.com/us/genre/ios-games/id6014?mt=8&uo=2", "label":"Games"}}, "im:releaseDate":{"label":"2012-08-08T21:32:19-07:00", "attributes":{"label":"August 8, 2012"}}}, 
{"im:name":{"label":"The Sims™ FreePlay"}, "im:image":[
{"label":"http://a1622.phobos.apple.com/us/r30/Purple4/v4/5d/45/3f/5d453f6f-4362-7f9a-1650-9324fe2e887d/mzl.mhkbbbat.53x53-50.png", "attributes":{"height":"53"}}, 
{"label":"http://a138.phobos.apple.com/us/r30/Purple4/v4/5d/45/3f/5d453f6f-4362-7f9a-1650-9324fe2e887d/mzl.mhkbbbat.75x75-65.png", "attributes":{"height":"75"}}, 
{"label":"http://a1335.phobos.apple.com/us/r30/Purple4/v4/5d/45/3f/5d453f6f-4362-7f9a-1650-9324fe2e887d/mzl.mhkbbbat.100x100-75.png", "attributes":{"height":"100"}}], "summary":{"label":"LIVE FREE! PLAY FREE! From the creators of The Sims™ 3 series of best-selling iPhone games, comes a Sims experience that you can play for FREE on iPhone and iPad!\n\nThis app offers in-app purchases. You may disable in-app purchasing using your device settings.  See http://support.apple.com/kb/HT4213 for more info.  \n\nTHE CRITICS LOVE IT!\n\n5 STARS ...The Sims FreePlay is everything you could ever want a freemium Sims game to be.” (Gamezebo)\n\n“10/10 …one of the most addictive and highly polished games available and there’s no excuse for anyone to not download it; especially since it is free to play (the clue’s in the title).” (God is a Geek)\n“...plenty of hours of fun... at an excellent, non-existent, price.” (148Apps)\n\nLET THE FREEPLAY BEGIN! CREATE UP TO 32 CUSTOMIZED SIMS FROM HEAD TO TOE, AND…\n• Design dream homes complete with swimming pools and multiple stories\n• Live out your perfect Sims story at every stage of life from Babies to Seniors\n• Get to know your Sims and give them unique personalities for them to live out their Life Dreams\n• Visit your real friends’ Sim Towns! Complete goals, form new relationships and compare your friends’ interior design skills against yours!  \n• Care for pets, grow gardens, even bake a cake\n• Give your Sims careers and earn Simoleons to improve their situations\n• Complete goals for Lifestyle Points, then spend them on hip items\n• Live with your Sims in real-time \n\n…and most of all, play for FREE! \n\nMORE SIM-ULATING POSSIBILITIES\nWill your Sims be friends – or enemies? Form relationships with a slap, a high-five (or some Woohoo!). Make your town bustle with pet stores, car dealerships, supermarkets and even a beach! Expand your city as you get more Sims. \n\nBe free, Sims! Be free! The opportunities are limitless! \n________________________________________\nNOTES: \nTerms of Service : http://www.ea.com/terms-of-service\nGame EULA: http://tos.ea.com/legalapp/mobileeula/US/en/GM/\nVisit https://help.ea.com/ for assistance or inquiries. \n\nEA may retire online features and services after 30 days’ notice posted on www.ea.com/1/service-updates\n\nImportant Consumer Information: \nThis app: requires a persistent Internet connection (network fees may apply); requires acceptance of EA’s Privacy & Cookie Policy, TOS and EULA includes in-game advertising; collects data through third party analytics technology (see Privacy & Cookie Policy for details); contains direct links to the Internet and social networking sites intended for an audience over 13."}, "im:price":{"label":"Free", "attributes":{"amount":"0.00000", "currency":"USD"}}, "im:contentType":{"attributes":{"term":"Application", "label":"Application"}}, "rights":{"label":"© 2013 Electronic Arts Inc. All Rights Reserved."}, "title":{"label":"The Sims™ FreePlay - Electronic Arts"}, "link":{"attributes":{"rel":"alternate", "type":"text/html", "href":"https://itunes.apple.com/us/app/the-sims-freeplay/id466965151?mt=8&uo=2"}}, "id":{"label":"https://itunes.apple.com/us/app/the-sims-freeplay/id466965151?mt=8&uo=2", "attributes":{"im:id":"466965151", "im:bundleId":"com.ea.sims3deluxe.ipad.inc"}}, "im:artist":{"label":"Electronic Arts", "attributes":{"href":"https://itunes.apple.com/us/artist/electronic-arts/id284800461?mt=8&uo=2"}}, "category":{"attributes":{"im:id":"6014", "term":"Games", "scheme":"https://itunes.apple.com/us/genre/ios-games/id6014?mt=8&uo=2", "label":"Games"}}, "im:releaseDate":{"label":"2011-12-14T21:19:36-07:00", "attributes":{"label":"December 14, 2011"}}}, 
{"im:name":{"label":"Modern War"}, "im:image":[
{"label":"http://a506.phobos.apple.com/us/r30/Purple1/v4/7c/21/d4/7c21d4c3-12a2-68f2-6dda-c44ef5ef69db/mzl.jqdghfsx.53x53-50.png", "attributes":{"height":"53"}}, 
{"label":"http://a1022.phobos.apple.com/us/r30/Purple1/v4/7c/21/d4/7c21d4c3-12a2-68f2-6dda-c44ef5ef69db/mzl.jqdghfsx.75x75-65.png", "attributes":{"height":"75"}}, 
{"label":"http://a1307.phobos.apple.com/us/r30/Purple1/v4/7c/21/d4/7c21d4c3-12a2-68f2-6dda-c44ef5ef69db/mzl.jqdghfsx.100x100-75.png", "attributes":{"height":"100"}}], "summary":{"label":"THE FIRST-EVER GRAPHIC MILITARY GAME \n\nWorld Domination is now within your grasp! Join a faction and join the fight in Modern War, the\npopular combat game where you faceoff against enemies for control of country after country,\nuntil you rule ‘em all.\n\nTaking over the world isn’t for the weak. Build strength in numbers by teaming up with other\nplayers and pooling rewards from individual missions. Then, declare war against rival factions\nduring monthly three-day World Domination events for the chance to put your name on the\nmap—literally. Because in Modern War, it’s not enough to want power. You have to take it.\n\nFeatures:\n• Free-to-play MMORPG combat game\n• Form a faction with friends and other players\n• Fight in monthly LIVE World Domination events\n• Attack rivals for control of countries and territories\n• Run a command center and build fortifications\n• Get elected as a faction “Defense Leader”\n• See your winning faction’s name on a world map\n\nFun and addictive game\nHard to put down once you pick it up\nGreat game that is always getting better\n\nVisit our Forums: funzio.com/forum\nFollow us on Twitter: @ModernWar\nLike us on Facebook: facebook.com/GREEModernWar\nWatch us on YouTube: youtube.com/GREEgames\n\nUse of this application is governed by Funzio's Terms of Service. In addition, please note that Funzio respects your privacy and asks you to review the Funzio Privacy Policy. The Funzio Terms of Service and Privacy Policy can be found in the Legal section below and at http://www.funzio.com/?page_id=568."}, "im:price":{"label":"Free", "attributes":{"amount":"0.00000", "currency":"USD"}}, "im:contentType":{"attributes":{"term":"Application", "label":"Application"}}, "rights":{"label":"© 2012 Funzio, Inc."}, "title":{"label":"Modern War - Funzio, Inc"}, "link":{"attributes":{"rel":"alternate", "type":"text/html", "href":"https://itunes.apple.com/us/app/modern-war/id468327549?mt=8&uo=2"}}, "id":{"label":"https://itunes.apple.com/us/app/modern-war/id468327549?mt=8&uo=2", "attributes":{"im:id":"468327549", "im:bundleId":"com.funzio.modernwar"}}, "im:artist":{"label":"Funzio, Inc", "attributes":{"href":"https://itunes.apple.com/us/artist/funzio-inc/id367695209?mt=8&uo=2"}}, "category":{"attributes":{"im:id":"6014", "term":"Games", "scheme":"https://itunes.apple.com/us/genre/ios-games/id6014?mt=8&uo=2", "label":"Games"}}, "im:releaseDate":{"label":"2011-11-30T11:06:00-07:00", "attributes":{"label":"November 30, 2011"}}}], "updated":{"label":"2014-09-01T04:06:12-07:00"}, "rights":{"label":"Copyright 2008 Apple Inc."}, "title":{"label":"iTunes Store: Top Grossing iPad Apps"}, "icon":{"label":"http://itunes.apple.com/favicon.ico"}, "link":[
{"attributes":{"rel":"alternate", "type":"text/html", "href":"https://itunes.apple.com/WebObjects/MZStore.woa/wa/viewTop?cc=us&id=38&popId=46"}}, 
{"attributes":{"rel":"self", "href":"https://itunes.apple.com/us/rss/topgrossingipadapplications/limit=25/json"}}], "id":{"label":"https://itunes.apple.com/us/rss/topgrossingipadapplications/limit=25/json"}}}